{"name":"Search cruises","id":"carnival-page-to-search-cruises;search-cruises","testSteps":[{"number":1,"description":"Given Open the Carnival Home Page","duration":19819,"startTime":"2020-05-02T12:47:57.263-05:00[America/Bogota]","result":"SUCCESS","precondition":false,"level":0,"children":[{"number":2,"description":"Laura opens the browser on the \u0027https://www.carnival.com/\u0027 ","duration":18566,"startTime":"2020-05-02T12:47:57.410-05:00[America/Bogota]","result":"SUCCESS","precondition":false,"level":1,"children":[{"number":3,"description":"Laura opens the https://www.carnival.com/","duration":18540,"startTime":"2020-05-02T12:47:57.429-05:00[America/Bogota]","result":"SUCCESS","precondition":false,"level":2}]},{"number":4,"description":"Laura clicks on Exit to the promo at init","duration":91,"startTime":"2020-05-02T12:48:15.979-05:00[America/Bogota]","result":"SUCCESS","precondition":false,"level":1},{"number":5,"description":"Laura waits this moment \u00271000\u0027 in miliseconds","duration":1008,"startTime":"2020-05-02T12:48:16.073-05:00[America/Bogota]","result":"SUCCESS","precondition":false,"level":1}]},{"number":6,"description":"When Search a Cruises sail to The Bahamas and duration 6 - 9 Days to filter the price","duration":15579,"startTime":"2020-05-02T12:48:17.082-05:00[America/Bogota]","result":"SUCCESS","precondition":false,"level":0,"children":[{"number":7,"description":"Laura searches cruises to \u0027The Bahamas\u0027 and duration \u00276 - 9 Days\u0027","duration":9994,"startTime":"2020-05-02T12:48:17.093-05:00[America/Bogota]","result":"SUCCESS","precondition":false,"level":1,"children":[{"number":8,"description":"Laura clicks on Button to Sail to","duration":413,"startTime":"2020-05-02T12:48:17.109-05:00[America/Bogota]","result":"SUCCESS","precondition":false,"level":2},{"number":9,"description":"Laura find feature","duration":1672,"startTime":"2020-05-02T12:48:17.524-05:00[America/Bogota]","result":"SUCCESS","precondition":false,"level":2},{"number":10,"description":"Laura clicks on Button duration Sail","duration":161,"startTime":"2020-05-02T12:48:19.197-05:00[America/Bogota]","result":"SUCCESS","precondition":false,"level":2},{"number":11,"description":"Laura find feature","duration":1160,"startTime":"2020-05-02T12:48:19.361-05:00[America/Bogota]","result":"SUCCESS","precondition":false,"level":2},{"number":12,"description":"Laura waits this moment \u00271000\u0027 in miliseconds","duration":1003,"startTime":"2020-05-02T12:48:20.522-05:00[America/Bogota]","result":"SUCCESS","precondition":false,"level":2},{"number":13,"description":"Laura clicks on Button to Search Cruises","duration":5558,"startTime":"2020-05-02T12:48:21.527-05:00[America/Bogota]","result":"SUCCESS","precondition":false,"level":2}]},{"number":14,"description":"Laura Filts to prices","duration":5571,"startTime":"2020-05-02T12:48:27.089-05:00[America/Bogota]","result":"SUCCESS","precondition":false,"level":1,"children":[{"number":15,"description":"Laura clicks on Button filter pricing","duration":334,"startTime":"2020-05-02T12:48:27.122-05:00[America/Bogota]","result":"SUCCESS","precondition":false,"level":2},{"number":16,"description":"Laura Filts the \u0027Slide bar expensive point\u0027 times \u00278\u0027","duration":3199,"startTime":"2020-05-02T12:48:27.458-05:00[America/Bogota]","result":"SUCCESS","precondition":false,"level":2},{"number":17,"description":"Laura waits this moment \u00272000\u0027 in miliseconds","duration":2001,"startTime":"2020-05-02T12:48:30.658-05:00[America/Bogota]","result":"SUCCESS","precondition":false,"level":2}]}]},{"number":18,"description":"Then the prices are ordered from the cheapest to the most expensive","duration":30170,"startTime":"2020-05-02T12:48:32.661-05:00[America/Bogota]","result":"SUCCESS","precondition":false,"level":0,"children":[{"number":19,"description":"Then is orden minor price to major","duration":30041,"startTime":"2020-05-02T12:48:32.789-05:00[America/Bogota]","result":"SUCCESS","precondition":false,"level":1}]},{"number":20,"description":"And Verify that the results decrease with the filter","duration":7,"startTime":"2020-05-02T12:49:02.831-05:00[America/Bogota]","result":"SUCCESS","precondition":false,"level":0,"children":[{"number":21,"description":"Then change result after filter","duration":2,"startTime":"2020-05-02T12:49:02.836-05:00[America/Bogota]","result":"SUCCESS","precondition":false,"level":1}]}],"userStory":{"id":"carnival-page-to-search-cruises","storyName":"Carnival page to Search Cruises","path":"src/test/resources/features/carnival.feature","narrative":"  As a user I want to find many cruises that fits the characteristics that I need to travel","type":"feature"},"featureTag":{"name":"Features/Carnival page to Search Cruises","type":"feature"},"title":"Search cruises","tags":[{"name":"Carnival page to Search Cruises","type":"feature"}],"startTime":"2020-05-02T12:47:56.966-05:00[America/Bogota]","duration":65874,"projectKey":"","sessionId":"76388c574bd78c60234619f040366ed9","driver":"chrome:laura","manual":false,"testSource":"Cucumber","actors":[{"name":"Laura","can":["browse the web"]}],"result":"SUCCESS"}