{"name":"See the itinerary of trip","id":"carnival-page-to-search-cruises;see-the-itinerary-of-trip","testSteps":[{"number":1,"description":"Given Open the Carnival Home Page","duration":16783,"startTime":"2020-05-02T12:49:02.976-05:00[America/Bogota]","result":"SUCCESS","precondition":false,"level":0,"children":[{"number":2,"description":"Laura opens the browser on the \u0027https://www.carnival.com/\u0027 ","duration":15687,"startTime":"2020-05-02T12:49:02.992-05:00[America/Bogota]","result":"SUCCESS","precondition":false,"level":1,"children":[{"number":3,"description":"Laura opens the https://www.carnival.com/","duration":15676,"startTime":"2020-05-02T12:49:03.002-05:00[America/Bogota]","result":"SUCCESS","precondition":false,"level":2}]},{"number":4,"description":"Laura clicks on Exit to the promo at init","duration":76,"startTime":"2020-05-02T12:49:18.680-05:00[America/Bogota]","result":"SUCCESS","precondition":false,"level":1},{"number":5,"description":"Laura waits this moment \u00271000\u0027 in miliseconds","duration":1001,"startTime":"2020-05-02T12:49:18.757-05:00[America/Bogota]","result":"SUCCESS","precondition":false,"level":1}]},{"number":6,"description":"When She looking for all days to the itinerary","duration":14198,"startTime":"2020-05-02T12:49:19.759-05:00[America/Bogota]","result":"SUCCESS","precondition":false,"level":0,"children":[{"number":7,"description":"Laura learn more about","duration":14191,"startTime":"2020-05-02T12:49:19.765-05:00[America/Bogota]","result":"SUCCESS","precondition":false,"level":1,"children":[{"number":8,"description":"Laura clicks on Button to Search Cruises","duration":5967,"startTime":"2020-05-02T12:49:19.772-05:00[America/Bogota]","result":"SUCCESS","precondition":false,"level":2},{"number":9,"description":"Laura clicks on Button Learn More","duration":7035,"startTime":"2020-05-02T12:49:25.841-05:00[America/Bogota]","result":"SUCCESS","precondition":false,"level":2},{"number":10,"description":"Laura waits this moment \u00271000\u0027 in miliseconds","duration":1004,"startTime":"2020-05-02T12:49:32.878-05:00[America/Bogota]","result":"SUCCESS","precondition":false,"level":2},{"number":11,"description":"Laura see the itinerary","duration":37,"startTime":"2020-05-02T12:49:33.887-05:00[America/Bogota]","result":"SUCCESS","precondition":false,"level":2},{"number":12,"description":"Laura see the itinerary","duration":29,"startTime":"2020-05-02T12:49:33.925-05:00[America/Bogota]","result":"SUCCESS","precondition":false,"level":2}]}]},{"number":13,"description":"Then Verify that the itinerary is complete","duration":9,"startTime":"2020-05-02T12:49:33.958-05:00[America/Bogota]","result":"SUCCESS","precondition":false,"level":0,"children":[{"number":14,"description":"Then itinerary is","duration":2,"startTime":"2020-05-02T12:49:33.964-05:00[America/Bogota]","result":"SUCCESS","precondition":false,"level":1}]},{"number":15,"description":"And Exist a button to Book the trip","duration":114,"startTime":"2020-05-02T12:49:33.967-05:00[America/Bogota]","result":"SUCCESS","precondition":false,"level":0,"children":[{"number":16,"description":"Then text value should be \u0027BOOK NOW\u0027","duration":105,"startTime":"2020-05-02T12:49:33.976-05:00[America/Bogota]","result":"SUCCESS","precondition":false,"level":1}]}],"userStory":{"id":"carnival-page-to-search-cruises","storyName":"Carnival page to Search Cruises","path":"src/test/resources/features/carnival.feature","narrative":"  As a user I want to find many cruises that fits the characteristics that I need to travel","type":"feature"},"featureTag":{"name":"Features/Carnival page to Search Cruises","type":"feature"},"title":"See the itinerary of trip","tags":[{"name":"Carnival page to Search Cruises","type":"feature"}],"startTime":"2020-05-02T12:49:02.970-05:00[America/Bogota]","duration":31112,"projectKey":"","sessionId":"395c9d61cf4e5859288d564fa1243727","driver":"chrome:laura","manual":false,"testSource":"Cucumber","actors":[{"name":"Laura","can":["browse the web"]}],"result":"SUCCESS"}